{"cameraMode":{"drawMode":0,"name":"Shaded","section":"Shading Mode"},"sceneLighting":true,"audioPlay":false,"sceneViewState":{"m_AlwaysRefresh":false,"showFog":true,"showSkybox":true,"showFlares":true,"showImageEffects":true,"showParticleSystems":true,"showVisualEffectGraphs":true,"m_FxEnabled":true},"in2DMode":false,"pivot":{"x":-2.8113701343536379,"y":1.4496184587478638,"z":0.13509726524353028},"rotation":{"x":0.22674861550331117,"y":0.3482504189014435,"z":-0.08721761405467987,"w":0.9053803086280823},"size":1.7015279531478882,"orthographic":false}